NET	SystemNet
P	p_StudentPool	70	80	[]
P	p_ProfessorPool	70	320	[]
P	p_UniversityPool	70	560	[]
P	p_EvidencePool	70	800	[]
P	p_CompetencyPool	70	1040	[]
P	p_WalletPool	70	1280	[]
P	p_LedgerPool	70	1520	[]
P	p_HRPool	70	1760	[]
T	t_CreateStudent	600	80	s :new StudentAgent;\nthis:createp(p);\nthis:createu(u);\nthis:createe(e);\nthis:createc(c);\nthis:createw(w);\nthis:createl(l);\nthis:createh(h);\ns:setup(p,u,e,c,w,l,h)
T	t_CreateProfessor	600	320	p :new ProfessorAgent;\n:createp(p)
T	t_CreateUniversity	600	560	u :new UniversityAgent;\n:createu(u)
T	t_CreateEvidence	600	800	e :new EvidenceNet;\n:createe(e)
T	t_CreateCompetency	600	1040	c :new CompetencyNet;\n:createc(c)
T	t_CreateWallet	600	1280	w :new WalletNet;\n:createw(w)
T	t_CreateLedger	600	1520	l :new HEDULedgerNet;\n:createl(l)
T	t_CreateHR	600	1760	h :new HRAgent;\n:createh(h)
A	p_StudentPool	t_CreateStudent	[]
A	t_CreateStudent	p_StudentPool	s
A	p_ProfessorPool	t_CreateProfessor	[]
A	t_CreateProfessor	p_ProfessorPool	p
A	p_UniversityPool	t_CreateUniversity	[]
A	t_CreateUniversity	p_UniversityPool	u
A	p_EvidencePool	t_CreateEvidence	[]
A	t_CreateEvidence	p_EvidencePool	e
A	p_CompetencyPool	t_CreateCompetency	[]
A	t_CreateCompetency	p_CompetencyPool	c
A	p_WalletPool	t_CreateWallet	[]
A	t_CreateWallet	p_WalletPool	w
A	p_LedgerPool	t_CreateLedger	[]
A	t_CreateLedger	p_LedgerPool	l
A	p_HRPool	t_CreateHR	[]
A	t_CreateHR	p_HRPool	h
END
NET	StudentAgent
P	p_Idle	80	70	[80,50,0,100,"did:example:student1","bafyEvidence001","student-signature"]
P	p_EvidenceReady	80	420	
P	p_Submitted	80	770	
P	p_WaitingCredential	80	1120	
P	p_CredentialReceived	80	1470	
P	p_Accepted	80	1820	
P	p_Rejected	1080	1820	
P	p_PresentationReady	80	2170	
P	p_VPShared	80	2520	
P	p_AwaitingAnchor	2200	100	
T	t_PrepareEvidence	80	245	:setup(p,u,e,c,w,l,h)
T	t_SubmitEvidence	80	595	p:submit(this,u,c,w,l,h,e,grade,passing_threshold,currentTime,expiryDate);\ne:submit(studentDID,evidenceCID)
T	t_WaitCredential	80	945	
T	t_ReceiveCredential	80	1295	w:consent()
T	t_AcceptCredential	80	1645	w:sbt_accept(studentSignature)
T	t_RejectCredential	1080	1645	w:sbt_reject(studentSignature)
T	t_GenerateVP	80	1995	
T	t_ShareVP	80	2345	h:submit()
T	t_AbortSubmitted	2200	450	:abort(outcome);\nguard (outcome.equals("EVIDENCE_REJECTED") | outcome.equals("CANCELLED") | outcome.equals("EXPIRED") | outcome.equals("INVALID_ISSUER_SIGNATURE"))
T	t_AbortWaiting	2200	800	:abort(outcome);\nguard (outcome.equals("EVIDENCE_REJECTED") | outcome.equals("CANCELLED") | outcome.equals("EXPIRED") | outcome.equals("INVALID_ISSUER_SIGNATURE"))
T	t_AbortReceived	2200	1150	:abort(outcome);\nguard (outcome.equals("CANCELLED") | outcome.equals("EXPIRED") | outcome.equals("INVALID_ISSUER_SIGNATURE"))
T	t_AbortAwaitingAnchor	2200	1500	:abort(outcome);\nguard (outcome.equals("LEDGER_REJECTED"))
T	t_DenyInvalidSignature	2200	1850	w:deny(studentSignature)
T	t_AnchorConfirmed	2200	2200	:anchor_confirm()
A	p_Idle	t_PrepareEvidence	[grade,passing_threshold,currentTime,expiryDate,studentDID,evidenceCID,studentSignature]
A	t_PrepareEvidence	p_EvidenceReady	[p,u,e,c,w,l,h,grade,passing_threshold,currentTime,expiryDate,studentDID,evidenceCID,studentSignature]
A	p_EvidenceReady	t_SubmitEvidence	[p,u,e,c,w,l,h,grade,passing_threshold,currentTime,expiryDate,studentDID,evidenceCID,studentSignature]
A	t_SubmitEvidence	p_Submitted	[p,u,e,c,w,l,h,grade,passing_threshold,currentTime,expiryDate,studentDID,evidenceCID,studentSignature]
A	p_Submitted	t_WaitCredential	[p,u,e,c,w,l,h,grade,passing_threshold,currentTime,expiryDate,studentDID,evidenceCID,studentSignature]
A	t_WaitCredential	p_WaitingCredential	[p,u,e,c,w,l,h,grade,passing_threshold,currentTime,expiryDate,studentDID,evidenceCID,studentSignature]
A	p_WaitingCredential	t_ReceiveCredential	[p,u,e,c,w,l,h,grade,passing_threshold,currentTime,expiryDate,studentDID,evidenceCID,studentSignature]
A	t_ReceiveCredential	p_CredentialReceived	[p,u,e,c,w,l,h,grade,passing_threshold,currentTime,expiryDate,studentDID,evidenceCID,studentSignature]
A	p_CredentialReceived	t_AcceptCredential	[p,u,e,c,w,l,h,grade,passing_threshold,currentTime,expiryDate,studentDID,evidenceCID,studentSignature]
A	t_AcceptCredential	p_AwaitingAnchor	[p,u,e,c,w,l,h,grade,passing_threshold,currentTime,expiryDate,studentDID,evidenceCID,studentSignature]
A	p_CredentialReceived	t_RejectCredential	[p,u,e,c,w,l,h,grade,passing_threshold,currentTime,expiryDate,studentDID,evidenceCID,studentSignature]
A	t_RejectCredential	p_Rejected	[p,u,e,c,w,l,h,grade,passing_threshold,currentTime,expiryDate,studentDID,evidenceCID,studentSignature,"HOLDER_REJECTED"]
A	p_Accepted	t_GenerateVP	[p,u,e,c,w,l,h,grade,passing_threshold,currentTime,expiryDate,studentDID,evidenceCID,studentSignature]
A	t_GenerateVP	p_PresentationReady	[p,u,e,c,w,l,h,grade,passing_threshold,currentTime,expiryDate,studentDID,evidenceCID,studentSignature]
A	p_PresentationReady	t_ShareVP	[p,u,e,c,w,l,h,grade,passing_threshold,currentTime,expiryDate,studentDID,evidenceCID,studentSignature]
A	t_ShareVP	p_VPShared	[p,u,e,c,w,l,h,grade,passing_threshold,currentTime,expiryDate,studentDID,evidenceCID,studentSignature]
A	p_Submitted	t_AbortSubmitted	[p,u,e,c,w,l,h,grade,passing_threshold,currentTime,expiryDate,studentDID,evidenceCID,studentSignature]
A	t_AbortSubmitted	p_Rejected	[p,u,e,c,w,l,h,grade,passing_threshold,currentTime,expiryDate,studentDID,evidenceCID,studentSignature,outcome]
A	p_WaitingCredential	t_AbortWaiting	[p,u,e,c,w,l,h,grade,passing_threshold,currentTime,expiryDate,studentDID,evidenceCID,studentSignature]
A	t_AbortWaiting	p_Rejected	[p,u,e,c,w,l,h,grade,passing_threshold,currentTime,expiryDate,studentDID,evidenceCID,studentSignature,outcome]
A	p_CredentialReceived	t_AbortReceived	[p,u,e,c,w,l,h,grade,passing_threshold,currentTime,expiryDate,studentDID,evidenceCID,studentSignature]
A	t_AbortReceived	p_Rejected	[p,u,e,c,w,l,h,grade,passing_threshold,currentTime,expiryDate,studentDID,evidenceCID,studentSignature,outcome]
A	p_AwaitingAnchor	t_AbortAwaitingAnchor	[p,u,e,c,w,l,h,grade,passing_threshold,currentTime,expiryDate,studentDID,evidenceCID,studentSignature]
A	t_AbortAwaitingAnchor	p_Rejected	[p,u,e,c,w,l,h,grade,passing_threshold,currentTime,expiryDate,studentDID,evidenceCID,studentSignature,outcome]
A	p_CredentialReceived	t_DenyInvalidSignature	[p,u,e,c,w,l,h,grade,passing_threshold,currentTime,expiryDate,studentDID,evidenceCID,studentSignature]
A	t_DenyInvalidSignature	p_Rejected	[p,u,e,c,w,l,h,grade,passing_threshold,currentTime,expiryDate,studentDID,evidenceCID,studentSignature,"INVALID_SIGNATURE"]
A	p_AwaitingAnchor	t_AnchorConfirmed	[p,u,e,c,w,l,h,grade,passing_threshold,currentTime,expiryDate,studentDID,evidenceCID,studentSignature]
A	t_AnchorConfirmed	p_Accepted	[p,u,e,c,w,l,h,grade,passing_threshold,currentTime,expiryDate,studentDID,evidenceCID,studentSignature]
END
NET	ProfessorAgent
P	p_Idle	80	70	["did:example:assessor1","https://example.org/criteria"]
P	p_EvidenceReceived	80	420	
P	p_UnderReview	80	770	
P	p_Evaluated	80	1120	
P	p_Approved	80	1470	
P	p_Rejected	1080	1470	
T	t_ReceiveEvidence	80	245	:submit(s,u,c,w,l,h,e,grade,passing_threshold,currentTime,expiryDate)
T	t_StartReview	80	595	
T	t_AssessEvidence	80	945	e:evaluate(assessorDID,grade,criteriaURL)
T	t_ApproveEvidence	80	1295	guard grade >= passing_threshold;\nu:submit(s,c,w,l,h,grade,passing_threshold,currentTime,expiryDate)
T	t_RejectEvidence	1080	1295	guard grade < passing_threshold;\ns:abort("EVIDENCE_REJECTED")
A	p_Idle	t_ReceiveEvidence	[assessorDID,criteriaURL]
A	t_ReceiveEvidence	p_EvidenceReceived	[s,u,c,w,l,h,e,grade,passing_threshold,currentTime,expiryDate,assessorDID,criteriaURL]
A	p_EvidenceReceived	t_StartReview	[s,u,c,w,l,h,e,grade,passing_threshold,currentTime,expiryDate,assessorDID,criteriaURL]
A	t_StartReview	p_UnderReview	[s,u,c,w,l,h,e,grade,passing_threshold,currentTime,expiryDate,assessorDID,criteriaURL]
A	p_UnderReview	t_AssessEvidence	[s,u,c,w,l,h,e,grade,passing_threshold,currentTime,expiryDate,assessorDID,criteriaURL]
A	t_AssessEvidence	p_Evaluated	[s,u,c,w,l,h,e,grade,passing_threshold,currentTime,expiryDate,assessorDID,criteriaURL]
A	p_Evaluated	t_ApproveEvidence	[s,u,c,w,l,h,e,grade,passing_threshold,currentTime,expiryDate,assessorDID,criteriaURL]
A	t_ApproveEvidence	p_Approved	[s,u,c,w,l,h,e,grade,passing_threshold,currentTime,expiryDate,assessorDID,criteriaURL]
A	p_Evaluated	t_RejectEvidence	[s,u,c,w,l,h,e,grade,passing_threshold,currentTime,expiryDate,assessorDID,criteriaURL]
A	t_RejectEvidence	p_Rejected	[s,u,c,w,l,h,e,grade,passing_threshold,currentTime,expiryDate,assessorDID,criteriaURL]
END
NET	UniversityAgent
P	p_Idle	80	70	["did:example:issuer1","did:example:student1","credential-001"]
P	p_EvidenceReceived	80	420	
P	p_Verifying	80	770	
P	p_CredentialRequested	80	1120	
P	p_CredentialIssued	80	1470	
P	p_Rejected	1080	1120	
T	t_ReceiveEvidence	80	245	:submit(s,c,w,l,h,grade,passing_threshold,currentTime,expiryDate)
T	t_VerifyEvidence	80	595	
T	t_RequestCredential	80	945	guard grade >= passing_threshold;\nc:submit(s,w,l,h,grade,passing_threshold,currentTime,expiryDate)
T	t_IssueCredential	80	1295	c:sbt_mint(issuerDID,studentDID,credentialData)
T	t_RejectEvidence	1080	945	guard grade < passing_threshold
A	p_Idle	t_ReceiveEvidence	[issuerDID,studentDID,credentialData]
A	t_ReceiveEvidence	p_EvidenceReceived	[s,c,w,l,h,grade,passing_threshold,currentTime,expiryDate,issuerDID,studentDID,credentialData]
A	p_EvidenceReceived	t_VerifyEvidence	[s,c,w,l,h,grade,passing_threshold,currentTime,expiryDate,issuerDID,studentDID,credentialData]
A	t_VerifyEvidence	p_Verifying	[s,c,w,l,h,grade,passing_threshold,currentTime,expiryDate,issuerDID,studentDID,credentialData]
A	p_Verifying	t_RequestCredential	[s,c,w,l,h,grade,passing_threshold,currentTime,expiryDate,issuerDID,studentDID,credentialData]
A	t_RequestCredential	p_CredentialRequested	[s,c,w,l,h,grade,passing_threshold,currentTime,expiryDate,issuerDID,studentDID,credentialData]
A	p_Verifying	t_RejectEvidence	[s,c,w,l,h,grade,passing_threshold,currentTime,expiryDate,issuerDID,studentDID,credentialData]
A	t_RejectEvidence	p_Rejected	[s,c,w,l,h,grade,passing_threshold,currentTime,expiryDate,issuerDID,studentDID,credentialData]
A	p_CredentialRequested	t_IssueCredential	[s,c,w,l,h,grade,passing_threshold,currentTime,expiryDate,issuerDID,studentDID,credentialData]
A	t_IssueCredential	p_CredentialIssued	[s,c,w,l,h,grade,passing_threshold,currentTime,expiryDate,issuerDID,studentDID,credentialData]
END
NET	EvidenceNet
P	p_Created	80	70	50
P	p_UploadedIPFS	80	420	
P	p_SubmittedLMS	80	770	
P	p_UnderReview	80	1120	
P	p_Graded	80	1470	
P	p_Rejected	1080	1470	
T	t_IPFS_Upload	80	245	:submit(studentDID,evidenceCID);\neo :new EvidenceObject;\neo:submit(studentDID,evidenceCID)
T	t_LMS_Submit	80	595	eo:lms()
T	t_Review_Request	80	945	
T	t_Grade_Assign	80	1295	:evaluate(assessorDID,grade,criteriaURL);\nguard grade >= passing_threshold;\neo:evaluate(assessorDID,grade,criteriaURL)
T	t_Reject	1080	1295	:evaluate(assessorDID,grade,criteriaURL);\nguard grade < passing_threshold;\neo:evaluate(assessorDID,grade,criteriaURL)
A	p_Created	t_IPFS_Upload	passing_threshold
A	t_IPFS_Upload	p_UploadedIPFS	[eo,studentDID,evidenceCID,passing_threshold]
A	p_UploadedIPFS	t_LMS_Submit	[eo,studentDID,evidenceCID,passing_threshold]
A	t_LMS_Submit	p_SubmittedLMS	[eo,studentDID,evidenceCID,passing_threshold]
A	p_SubmittedLMS	t_Review_Request	[eo,studentDID,evidenceCID,passing_threshold]
A	t_Review_Request	p_UnderReview	[eo,studentDID,evidenceCID,passing_threshold]
A	p_UnderReview	t_Grade_Assign	[eo,studentDID,evidenceCID,passing_threshold]
A	t_Grade_Assign	p_Graded	[eo,studentDID,evidenceCID,passing_threshold,assessorDID,grade,criteriaURL]
A	p_UnderReview	t_Reject	[eo,studentDID,evidenceCID,passing_threshold]
A	t_Reject	p_Rejected	[eo,studentDID,evidenceCID,passing_threshold,assessorDID,grade,criteriaURL]
END
NET	CompetencyNet
P	p_Submitted	80	70	["did:example:issuer1","did:example:student1","credential-001","issuer-signature","did:example:student1","vp-001"]
P	p_UnderReview	80	420	
P	p_Validated	80	770	
P	p_PendingAccept	80	1120	
P	p_BlockchainAnchored	80	1470	
P	p_ProfileAggregated	80	1820	
P	p_Terminated	1080	1470	
P	p_AwaitingAnchor	2200	100	
T	t_Review_Init	80	245	:submit(s,w,l,h,grade,passing_threshold,currentTime,expiryDate);\nco :new CredentialObject;\nco:evaluate(grade,passing_threshold,currentTime,expiryDate)
T	t_Verification_Pass	80	595	guard grade >= passing_threshold;\nco:validate()
T	t_SBT_Mint	80	945	:sbt_mint(issuerDID,studentDID,credentialData);\nco:sbt_mint(issuerDID,studentDID,credentialData);\nw:sbt_mint(this,issuerDID,studentDID,credentialData)
T	t_SBT_Accept	80	1295	:sbt_accept(studentSignature);\nguard currentTime < expiryDate;\nco:sbt_accept(studentSignature,issuerSignature);\nl:anchor_request(this)
T	t_SBT_Reject	1080	1295	:sbt_reject(studentSignature);\nco:sbt_reject(studentSignature,issuerSignature)
T	t_SBT_Cancel	2080	1295	co:sbt_cancel(issuerSignature);\ns:abort("CANCELLED");\nw:abort("CANCELLED")
T	t_SBT_Expire	3080	1295	guard currentTime >= expiryDate;\nco:expire(issuerSignature);\ns:abort("EXPIRED");\nw:abort("EXPIRED")
T	t_Agg_Ingest	80	1645	co:update_profile(holderDID,vpData);\nh:update_profile(holderDID,vpData)
T	t_DenyInvalidSignature	2200	450	:deny(providedSignature);\nco:deny(providedSignature,issuerSignature)
T	t_DenyInvalidIssuerSignature	2200	800	co:deny_issuer(issuerSignature);\ns:abort("INVALID_ISSUER_SIGNATURE");\nw:abort("INVALID_ISSUER_SIGNATURE")
T	t_AnchorConfirmed	2200	1150	:anchor_confirm();\nco:anchor_confirm();\ns:anchor_confirm();\nw:anchor_confirm()
T	t_LedgerFailed	2200	1500	:ledger_failed();\nco:ledger_failed();\ns:abort("LEDGER_REJECTED");\nw:abort("LEDGER_REJECTED")
A	p_Submitted	t_Review_Init	[issuerDID,studentDID,credentialData,issuerSignature,holderDID,vpData]
A	t_Review_Init	p_UnderReview	[s,co,w,l,h,grade,passing_threshold,currentTime,expiryDate,issuerDID,studentDID,credentialData,issuerSignature,holderDID,vpData]
A	p_UnderReview	t_Verification_Pass	[s,co,w,l,h,grade,passing_threshold,currentTime,expiryDate,issuerDID,studentDID,credentialData,issuerSignature,holderDID,vpData]
A	t_Verification_Pass	p_Validated	[s,co,w,l,h,grade,passing_threshold,currentTime,expiryDate,issuerDID,studentDID,credentialData,issuerSignature,holderDID,vpData]
A	p_Validated	t_SBT_Mint	[s,co,w,l,h,grade,passing_threshold,currentTime,expiryDate,issuerDID,studentDID,credentialData,issuerSignature,holderDID,vpData]
A	t_SBT_Mint	p_PendingAccept	[s,co,w,l,h,grade,passing_threshold,currentTime,expiryDate,issuerDID,studentDID,credentialData,issuerSignature,holderDID,vpData]
A	p_PendingAccept	t_SBT_Accept	[s,co,w,l,h,grade,passing_threshold,currentTime,expiryDate,issuerDID,studentDID,credentialData,issuerSignature,holderDID,vpData]
A	t_SBT_Accept	p_AwaitingAnchor	[s,co,w,l,h,grade,passing_threshold,currentTime,expiryDate,issuerDID,studentDID,credentialData,issuerSignature,holderDID,vpData]
A	p_PendingAccept	t_SBT_Reject	[s,co,w,l,h,grade,passing_threshold,currentTime,expiryDate,issuerDID,studentDID,credentialData,issuerSignature,holderDID,vpData]
A	t_SBT_Reject	p_Terminated	[s,co,w,l,h,grade,passing_threshold,currentTime,expiryDate,issuerDID,studentDID,credentialData,issuerSignature,holderDID,vpData,"HOLDER_REJECTED"]
A	p_PendingAccept	t_SBT_Cancel	[s,co,w,l,h,grade,passing_threshold,currentTime,expiryDate,issuerDID,studentDID,credentialData,issuerSignature,holderDID,vpData]
A	t_SBT_Cancel	p_Terminated	[s,co,w,l,h,grade,passing_threshold,currentTime,expiryDate,issuerDID,studentDID,credentialData,issuerSignature,holderDID,vpData,"CANCELLED"]
A	p_PendingAccept	t_SBT_Expire	[s,co,w,l,h,grade,passing_threshold,currentTime,expiryDate,issuerDID,studentDID,credentialData,issuerSignature,holderDID,vpData]
A	t_SBT_Expire	p_Terminated	[s,co,w,l,h,grade,passing_threshold,currentTime,expiryDate,issuerDID,studentDID,credentialData,issuerSignature,holderDID,vpData,"EXPIRED"]
A	p_BlockchainAnchored	t_Agg_Ingest	[s,co,w,l,h,grade,passing_threshold,currentTime,expiryDate,issuerDID,studentDID,credentialData,issuerSignature,holderDID,vpData]
A	t_Agg_Ingest	p_ProfileAggregated	[s,co,w,l,h,grade,passing_threshold,currentTime,expiryDate,issuerDID,studentDID,credentialData,issuerSignature,holderDID,vpData]
A	p_PendingAccept	t_DenyInvalidSignature	[s,co,w,l,h,grade,passing_threshold,currentTime,expiryDate,issuerDID,studentDID,credentialData,issuerSignature,holderDID,vpData]
A	t_DenyInvalidSignature	p_Terminated	[s,co,w,l,h,grade,passing_threshold,currentTime,expiryDate,issuerDID,studentDID,credentialData,issuerSignature,holderDID,vpData,"INVALID_SIGNATURE"]
A	p_PendingAccept	t_DenyInvalidIssuerSignature	[s,co,w,l,h,grade,passing_threshold,currentTime,expiryDate,issuerDID,studentDID,credentialData,issuerSignature,holderDID,vpData]
A	t_DenyInvalidIssuerSignature	p_Terminated	[s,co,w,l,h,grade,passing_threshold,currentTime,expiryDate,issuerDID,studentDID,credentialData,issuerSignature,holderDID,vpData,"INVALID_ISSUER_SIGNATURE"]
A	p_AwaitingAnchor	t_AnchorConfirmed	[s,co,w,l,h,grade,passing_threshold,currentTime,expiryDate,issuerDID,studentDID,credentialData,issuerSignature,holderDID,vpData]
A	t_AnchorConfirmed	p_BlockchainAnchored	[s,co,w,l,h,grade,passing_threshold,currentTime,expiryDate,issuerDID,studentDID,credentialData,issuerSignature,holderDID,vpData]
A	p_AwaitingAnchor	t_LedgerFailed	[s,co,w,l,h,grade,passing_threshold,currentTime,expiryDate,issuerDID,studentDID,credentialData,issuerSignature,holderDID,vpData]
A	t_LedgerFailed	p_Terminated	[s,co,w,l,h,grade,passing_threshold,currentTime,expiryDate,issuerDID,studentDID,credentialData,issuerSignature,holderDID,vpData,"LEDGER_REJECTED"]
END
NET	WalletNet
P	p_Empty	80	70	[]
P	p_CredentialReceived	80	420	
P	p_PendingConsent	80	770	
P	p_Accepted	80	1120	
P	p_Rejected	1080	1120	
P	p_VPReady	80	1470	
P	p_VPShared	80	1820	
P	p_AwaitingAnchor	2200	100	
T	t_ReceiveCredential	80	245	:sbt_mint(c,issuerDID,studentDID,credentialData)
T	t_RequestConsent	80	595	:consent()
T	t_AcceptCredential	80	945	:sbt_accept(studentSignature);\nc:sbt_accept(studentSignature)
T	t_RejectCredential	1080	945	:sbt_reject(studentSignature);\nc:sbt_reject(studentSignature)
T	t_GenerateVP	80	1295	
T	t_ShareVP	80	1645	
T	t_AbortReceived	2200	450	:abort(outcome);\nguard (outcome.equals("CANCELLED") | outcome.equals("EXPIRED") | outcome.equals("INVALID_ISSUER_SIGNATURE"))
T	t_AbortConsent	2200	800	:abort(outcome);\nguard (outcome.equals("CANCELLED") | outcome.equals("EXPIRED") | outcome.equals("INVALID_ISSUER_SIGNATURE"))
T	t_AbortAwaitingAnchor	2200	1150	:abort(outcome);\nguard (outcome.equals("LEDGER_REJECTED"))
T	t_DenyInvalidSignature	2200	1500	:deny(providedSignature);\nc:deny(providedSignature)
T	t_AnchorConfirmed	2200	1850	:anchor_confirm()
A	p_Empty	t_ReceiveCredential	[]
A	t_ReceiveCredential	p_CredentialReceived	[c,issuerDID,studentDID,credentialData]
A	p_CredentialReceived	t_RequestConsent	[c,issuerDID,studentDID,credentialData]
A	t_RequestConsent	p_PendingConsent	[c,issuerDID,studentDID,credentialData]
A	p_PendingConsent	t_AcceptCredential	[c,issuerDID,studentDID,credentialData]
A	t_AcceptCredential	p_AwaitingAnchor	[c,issuerDID,studentDID,credentialData]
A	p_PendingConsent	t_RejectCredential	[c,issuerDID,studentDID,credentialData]
A	t_RejectCredential	p_Rejected	[c,issuerDID,studentDID,credentialData,"HOLDER_REJECTED"]
A	p_Accepted	t_GenerateVP	[c,issuerDID,studentDID,credentialData]
A	t_GenerateVP	p_VPReady	[c,issuerDID,studentDID,credentialData]
A	p_VPReady	t_ShareVP	[c,issuerDID,studentDID,credentialData]
A	t_ShareVP	p_VPShared	[c,issuerDID,studentDID,credentialData]
A	p_CredentialReceived	t_AbortReceived	[c,issuerDID,studentDID,credentialData]
A	t_AbortReceived	p_Rejected	[c,issuerDID,studentDID,credentialData,outcome]
A	p_PendingConsent	t_AbortConsent	[c,issuerDID,studentDID,credentialData]
A	t_AbortConsent	p_Rejected	[c,issuerDID,studentDID,credentialData,outcome]
A	p_AwaitingAnchor	t_AbortAwaitingAnchor	[c,issuerDID,studentDID,credentialData]
A	t_AbortAwaitingAnchor	p_Rejected	[c,issuerDID,studentDID,credentialData,outcome]
A	p_PendingConsent	t_DenyInvalidSignature	[c,issuerDID,studentDID,credentialData]
A	t_DenyInvalidSignature	p_Rejected	[c,issuerDID,studentDID,credentialData,"INVALID_SIGNATURE"]
A	p_AwaitingAnchor	t_AnchorConfirmed	[c,issuerDID,studentDID,credentialData]
A	t_AnchorConfirmed	p_Accepted	[c,issuerDID,studentDID,credentialData]
END
NET	HEDULedgerNet
P	p_Received	80	70	[]
P	p_Executed	80	420	
P	p_Ordered	80	770	
P	p_Validated	80	1120	
P	p_Committed	80	1470	
P	p_Anchored	80	1820	
P	p_Rejected	1080	1120	
T	t_Execute	80	245	:anchor_request(c)
T	t_Order	80	595	
T	t_Validate	80	945	
T	t_Commit	80	1295	
T	t_Anchor	80	1645	c:anchor_confirm()
T	t_Reject	1080	945	c:ledger_failed()
A	p_Received	t_Execute	[]
A	t_Execute	p_Executed	[c]
A	p_Executed	t_Order	[c]
A	t_Order	p_Ordered	[c]
A	p_Ordered	t_Validate	[c]
A	t_Validate	p_Validated	[c]
A	p_Ordered	t_Reject	[c]
A	t_Reject	p_Rejected	[c,"LEDGER_REJECTED"]
A	p_Validated	t_Commit	[c]
A	t_Commit	p_Committed	[c]
A	p_Committed	t_Anchor	[c]
A	t_Anchor	p_Anchored	[c,"ANCHORED"]
END
NET	HRAgent
P	p_Idle	80	70	[]
P	p_VPReceived	80	420	
P	p_Parsed	80	770	
P	p_CompetencyProfile	80	1120	
P	p_Matching	80	1470	
P	p_GapAnalysis	80	1820	
P	p_ResultReady	80	2170	
T	t_ReceiveVP	80	245	:submit()
T	t_ParseVP	80	595	
T	t_BuildProfile	80	945	:update_profile(holderDID,vpData)
T	t_SemanticMatch	80	1295	
T	t_GapAnalysis	80	1645	
T	t_GenerateResult	80	1995	
A	p_Idle	t_ReceiveVP	[]
A	t_ReceiveVP	p_VPReceived	[]
A	p_VPReceived	t_ParseVP	[]
A	t_ParseVP	p_Parsed	[]
A	p_Parsed	t_BuildProfile	[]
A	t_BuildProfile	p_CompetencyProfile	[holderDID,vpData]
A	p_CompetencyProfile	t_SemanticMatch	[holderDID,vpData]
A	t_SemanticMatch	p_Matching	[holderDID,vpData]
A	p_Matching	t_GapAnalysis	[holderDID,vpData]
A	t_GapAnalysis	p_GapAnalysis	[holderDID,vpData]
A	p_GapAnalysis	t_GenerateResult	[holderDID,vpData]
A	t_GenerateResult	p_ResultReady	[holderDID,vpData]
END
NET	EvidenceObject
P	p_Created	80	70	[]
P	p_UploadedIPFS	80	420	
P	p_SubmittedLMS	80	770	
P	p_Graded	80	1120	
T	t_IPFS_Upload	80	245	:submit(studentDID,evidenceCID)
T	t_LMS_Submit	80	595	:lms()
T	t_Grade_Assign	80	945	:evaluate(assessorDID,grade,criteriaURL)
A	p_Created	t_IPFS_Upload	[]
A	t_IPFS_Upload	p_UploadedIPFS	[studentDID,evidenceCID]
A	p_UploadedIPFS	t_LMS_Submit	[studentDID,evidenceCID]
A	t_LMS_Submit	p_SubmittedLMS	[studentDID,evidenceCID]
A	p_SubmittedLMS	t_Grade_Assign	[studentDID,evidenceCID]
A	t_Grade_Assign	p_Graded	[studentDID,evidenceCID,assessorDID,grade,criteriaURL]
END
NET	CredentialObject
P	p_Submitted	80	70	["did:example:issuer1","did:example:student1","credential-001","student-signature","issuer-signature","did:example:student1","vp-001"]
P	p_UnderReview	80	420	
P	p_Validated	80	770	
P	p_PendingAccept	80	1120	
P	p_Anchored	80	1470	
P	p_Rejected	1080	1470	
P	p_Cancelled	2080	1470	
P	p_Expired	3080	1470	
P	p_Aggregated	80	1820	
P	p_AwaitingAnchor	2200	100	
T	t_StartReview	80	245	:evaluate(grade,passing_threshold,currentTime,expiryDate)
T	t_Validate	80	595	:validate();\nguard grade >= passing_threshold
T	t_Mint	80	945	:sbt_mint(issuerDID,studentDID,credentialData)
T	t_Accept	80	1295	:sbt_accept(studentSignature,issuerSignature);\nguard currentTime < expiryDate
T	t_Reject	1080	1295	:sbt_reject(studentSignature,issuerSignature)
T	t_Cancel	2080	1295	:sbt_cancel(issuerSignature)
T	t_Expire	3080	1295	:expire(issuerSignature);\nguard currentTime >= expiryDate
T	t_Aggregate	80	1645	:update_profile(holderDID,vpData)
T	t_DenyInvalidSignature	2200	450	:deny(providedSignature,issuerSignature);\nguard !providedSignature.equals(studentSignature)
T	t_DenyInvalidIssuerSignature	2200	800	:deny_issuer(providedIssuerSignature);\nguard !providedIssuerSignature.equals(issuerSignature)
T	t_AnchorConfirmed	2200	1150	:anchor_confirm()
T	t_LedgerFailed	2200	1500	:ledger_failed()
A	p_Submitted	t_StartReview	[issuerDID,studentDID,credentialData,studentSignature,issuerSignature,holderDID,vpData]
A	t_StartReview	p_UnderReview	[grade,passing_threshold,currentTime,expiryDate,issuerDID,studentDID,credentialData,studentSignature,issuerSignature,holderDID,vpData]
A	p_UnderReview	t_Validate	[grade,passing_threshold,currentTime,expiryDate,issuerDID,studentDID,credentialData,studentSignature,issuerSignature,holderDID,vpData]
A	t_Validate	p_Validated	[grade,passing_threshold,currentTime,expiryDate,issuerDID,studentDID,credentialData,studentSignature,issuerSignature,holderDID,vpData]
A	p_Validated	t_Mint	[grade,passing_threshold,currentTime,expiryDate,issuerDID,studentDID,credentialData,studentSignature,issuerSignature,holderDID,vpData]
A	t_Mint	p_PendingAccept	[grade,passing_threshold,currentTime,expiryDate,issuerDID,studentDID,credentialData,studentSignature,issuerSignature,holderDID,vpData]
A	p_PendingAccept	t_Accept	[grade,passing_threshold,currentTime,expiryDate,issuerDID,studentDID,credentialData,studentSignature,issuerSignature,holderDID,vpData]
A	t_Accept	p_AwaitingAnchor	[grade,passing_threshold,currentTime,expiryDate,issuerDID,studentDID,credentialData,studentSignature,issuerSignature,holderDID,vpData]
A	p_PendingAccept	t_Reject	[grade,passing_threshold,currentTime,expiryDate,issuerDID,studentDID,credentialData,studentSignature,issuerSignature,holderDID,vpData]
A	t_Reject	p_Rejected	[grade,passing_threshold,currentTime,expiryDate,issuerDID,studentDID,credentialData,studentSignature,issuerSignature,holderDID,vpData,"HOLDER_REJECTED"]
A	p_PendingAccept	t_Cancel	[grade,passing_threshold,currentTime,expiryDate,issuerDID,studentDID,credentialData,studentSignature,issuerSignature,holderDID,vpData]
A	t_Cancel	p_Cancelled	[grade,passing_threshold,currentTime,expiryDate,issuerDID,studentDID,credentialData,studentSignature,issuerSignature,holderDID,vpData,"CANCELLED"]
A	p_PendingAccept	t_Expire	[grade,passing_threshold,currentTime,expiryDate,issuerDID,studentDID,credentialData,studentSignature,issuerSignature,holderDID,vpData]
A	t_Expire	p_Expired	[grade,passing_threshold,currentTime,expiryDate,issuerDID,studentDID,credentialData,studentSignature,issuerSignature,holderDID,vpData,"EXPIRED"]
A	p_Anchored	t_Aggregate	[grade,passing_threshold,currentTime,expiryDate,issuerDID,studentDID,credentialData,studentSignature,issuerSignature,holderDID,vpData]
A	t_Aggregate	p_Aggregated	[grade,passing_threshold,currentTime,expiryDate,issuerDID,studentDID,credentialData,studentSignature,issuerSignature,holderDID,vpData]
A	p_PendingAccept	t_DenyInvalidSignature	[grade,passing_threshold,currentTime,expiryDate,issuerDID,studentDID,credentialData,studentSignature,issuerSignature,holderDID,vpData]
A	t_DenyInvalidSignature	p_Rejected	[grade,passing_threshold,currentTime,expiryDate,issuerDID,studentDID,credentialData,studentSignature,issuerSignature,holderDID,vpData,"INVALID_SIGNATURE"]
A	p_PendingAccept	t_DenyInvalidIssuerSignature	[grade,passing_threshold,currentTime,expiryDate,issuerDID,studentDID,credentialData,studentSignature,issuerSignature,holderDID,vpData]
A	t_DenyInvalidIssuerSignature	p_Rejected	[grade,passing_threshold,currentTime,expiryDate,issuerDID,studentDID,credentialData,studentSignature,issuerSignature,holderDID,vpData,"INVALID_ISSUER_SIGNATURE"]
A	p_AwaitingAnchor	t_AnchorConfirmed	[grade,passing_threshold,currentTime,expiryDate,issuerDID,studentDID,credentialData,studentSignature,issuerSignature,holderDID,vpData]
A	t_AnchorConfirmed	p_Anchored	[grade,passing_threshold,currentTime,expiryDate,issuerDID,studentDID,credentialData,studentSignature,issuerSignature,holderDID,vpData]
A	p_AwaitingAnchor	t_LedgerFailed	[grade,passing_threshold,currentTime,expiryDate,issuerDID,studentDID,credentialData,studentSignature,issuerSignature,holderDID,vpData]
A	t_LedgerFailed	p_Rejected	[grade,passing_threshold,currentTime,expiryDate,issuerDID,studentDID,credentialData,studentSignature,issuerSignature,holderDID,vpData,"LEDGER_REJECTED"]
END
