fixture_id,grade,current_time,student_signature_class,issuer_signature_class,decision_trace_id,transition_sequence,final_classification,final_outcome,enabled_bindings_at_end,active_unfinished,retained_references,violated_properties
f01,80,0,valid,valid,f01_auto,StudentAgent.t_SubmitEvidence;EvidenceNet.t_LMS_Submit;EvidenceNet.t_Review_Request;ProfessorAgent.t_StartReview;ProfessorAgent.t_AssessEvidence;ProfessorAgent.t_ApproveEvidence;UniversityAgent.t_VerifyEvidence;UniversityAgent.t_RequestCredential;CompetencyNet.t_Verification_Pass;UniversityAgent.t_IssueCredential;StudentAgent.t_WaitCredential;StudentAgent.t_ReceiveCredential;StudentAgent.t_AcceptCredential;HEDULedgerNet.t_Order;HEDULedgerNet.t_Validate;HEDULedgerNet.t_Commit;HEDULedgerNet.t_Anchor;StudentAgent.t_GenerateVP;StudentAgent.t_ShareVP;HRAgent.t_ParseVP;CompetencyNet.t_Agg_Ingest;HRAgent.t_SemanticMatch;HRAgent.t_GapAnalysis;HRAgent.t_GenerateResult;WalletNet.t_GenerateVP;WalletNet.t_ShareVP,EXPECTED_SUCCESS_TERMINATION,SUCCESS,0,0,11/11,
f01,80,0,valid,valid,f01_ledger_reject,StudentAgent.t_SubmitEvidence;EvidenceNet.t_LMS_Submit;EvidenceNet.t_Review_Request;ProfessorAgent.t_StartReview;ProfessorAgent.t_AssessEvidence;ProfessorAgent.t_ApproveEvidence;UniversityAgent.t_VerifyEvidence;UniversityAgent.t_RequestCredential;CompetencyNet.t_Verification_Pass;UniversityAgent.t_IssueCredential;StudentAgent.t_WaitCredential;StudentAgent.t_ReceiveCredential;StudentAgent.t_AcceptCredential;HEDULedgerNet.t_Order;HEDULedgerNet.t_Reject,EXPECTED_FAILURE_TERMINATION,LEDGER_REJECTED,0,0,11/11,
f01,80,0,valid,valid,f01_reject,StudentAgent.t_SubmitEvidence;EvidenceNet.t_LMS_Submit;EvidenceNet.t_Review_Request;ProfessorAgent.t_StartReview;ProfessorAgent.t_AssessEvidence;ProfessorAgent.t_ApproveEvidence;UniversityAgent.t_VerifyEvidence;UniversityAgent.t_RequestCredential;CompetencyNet.t_Verification_Pass;UniversityAgent.t_IssueCredential;StudentAgent.t_WaitCredential;StudentAgent.t_ReceiveCredential;StudentAgent.t_RejectCredential,EXPECTED_FAILURE_TERMINATION,HOLDER_REJECTED,0,0,11/11,
f01,80,0,valid,valid,f01_cancel,StudentAgent.t_SubmitEvidence;EvidenceNet.t_LMS_Submit;EvidenceNet.t_Review_Request;ProfessorAgent.t_StartReview;ProfessorAgent.t_AssessEvidence;ProfessorAgent.t_ApproveEvidence;UniversityAgent.t_VerifyEvidence;UniversityAgent.t_RequestCredential;CompetencyNet.t_Verification_Pass;UniversityAgent.t_IssueCredential;StudentAgent.t_WaitCredential;StudentAgent.t_ReceiveCredential;CompetencyNet.t_SBT_Cancel,EXPECTED_FAILURE_TERMINATION,CANCELLED,0,0,11/11,
f02,80,0,valid,invalid,f02_auto,StudentAgent.t_SubmitEvidence;EvidenceNet.t_LMS_Submit;EvidenceNet.t_Review_Request;ProfessorAgent.t_StartReview;ProfessorAgent.t_AssessEvidence;ProfessorAgent.t_ApproveEvidence;UniversityAgent.t_VerifyEvidence;UniversityAgent.t_RequestCredential;CompetencyNet.t_Verification_Pass;UniversityAgent.t_IssueCredential;StudentAgent.t_WaitCredential;StudentAgent.t_ReceiveCredential;CompetencyNet.t_DenyInvalidIssuerSignature,EXPECTED_FAILURE_TERMINATION,INVALID_ISSUER_SIGNATURE,0,0,11/11,
f03,80,0,invalid,valid,f03_auto,StudentAgent.t_SubmitEvidence;EvidenceNet.t_LMS_Submit;EvidenceNet.t_Review_Request;ProfessorAgent.t_StartReview;ProfessorAgent.t_AssessEvidence;ProfessorAgent.t_ApproveEvidence;UniversityAgent.t_VerifyEvidence;UniversityAgent.t_RequestCredential;CompetencyNet.t_Verification_Pass;UniversityAgent.t_IssueCredential;StudentAgent.t_WaitCredential;StudentAgent.t_ReceiveCredential;StudentAgent.t_DenyInvalidSignature,EXPECTED_FAILURE_TERMINATION,INVALID_SIGNATURE,0,0,11/11,
f03,80,0,invalid,valid,f03_cancel,StudentAgent.t_SubmitEvidence;EvidenceNet.t_LMS_Submit;EvidenceNet.t_Review_Request;ProfessorAgent.t_StartReview;ProfessorAgent.t_AssessEvidence;ProfessorAgent.t_ApproveEvidence;UniversityAgent.t_VerifyEvidence;UniversityAgent.t_RequestCredential;CompetencyNet.t_Verification_Pass;UniversityAgent.t_IssueCredential;StudentAgent.t_WaitCredential;StudentAgent.t_ReceiveCredential;CompetencyNet.t_SBT_Cancel,EXPECTED_FAILURE_TERMINATION,CANCELLED,0,0,11/11,
f04,80,0,invalid,invalid,f04_auto,StudentAgent.t_SubmitEvidence;EvidenceNet.t_LMS_Submit;EvidenceNet.t_Review_Request;ProfessorAgent.t_StartReview;ProfessorAgent.t_AssessEvidence;ProfessorAgent.t_ApproveEvidence;UniversityAgent.t_VerifyEvidence;UniversityAgent.t_RequestCredential;CompetencyNet.t_Verification_Pass;UniversityAgent.t_IssueCredential;StudentAgent.t_WaitCredential;StudentAgent.t_ReceiveCredential;CompetencyNet.t_DenyInvalidIssuerSignature,EXPECTED_FAILURE_TERMINATION,INVALID_ISSUER_SIGNATURE,0,0,11/11,
f05,80,100,valid,valid,f05_auto,StudentAgent.t_SubmitEvidence;EvidenceNet.t_LMS_Submit;EvidenceNet.t_Review_Request;ProfessorAgent.t_StartReview;ProfessorAgent.t_AssessEvidence;ProfessorAgent.t_ApproveEvidence;UniversityAgent.t_VerifyEvidence;UniversityAgent.t_RequestCredential;CompetencyNet.t_Verification_Pass;UniversityAgent.t_IssueCredential;StudentAgent.t_WaitCredential;StudentAgent.t_ReceiveCredential;StudentAgent.t_RejectCredential,EXPECTED_FAILURE_TERMINATION,HOLDER_REJECTED,0,0,11/11,
f05,80,100,valid,valid,f05_cancel,StudentAgent.t_SubmitEvidence;EvidenceNet.t_LMS_Submit;EvidenceNet.t_Review_Request;ProfessorAgent.t_StartReview;ProfessorAgent.t_AssessEvidence;ProfessorAgent.t_ApproveEvidence;UniversityAgent.t_VerifyEvidence;UniversityAgent.t_RequestCredential;CompetencyNet.t_Verification_Pass;UniversityAgent.t_IssueCredential;StudentAgent.t_WaitCredential;StudentAgent.t_ReceiveCredential;CompetencyNet.t_SBT_Cancel,EXPECTED_FAILURE_TERMINATION,CANCELLED,0,0,11/11,
f05,80,100,valid,valid,f05_expire,StudentAgent.t_SubmitEvidence;EvidenceNet.t_LMS_Submit;EvidenceNet.t_Review_Request;ProfessorAgent.t_StartReview;ProfessorAgent.t_AssessEvidence;ProfessorAgent.t_ApproveEvidence;UniversityAgent.t_VerifyEvidence;UniversityAgent.t_RequestCredential;CompetencyNet.t_Verification_Pass;UniversityAgent.t_IssueCredential;StudentAgent.t_WaitCredential;StudentAgent.t_ReceiveCredential;CompetencyNet.t_SBT_Expire,EXPECTED_FAILURE_TERMINATION,EXPIRED,0,0,11/11,
f06,80,100,valid,invalid,f06_auto,StudentAgent.t_SubmitEvidence;EvidenceNet.t_LMS_Submit;EvidenceNet.t_Review_Request;ProfessorAgent.t_StartReview;ProfessorAgent.t_AssessEvidence;ProfessorAgent.t_ApproveEvidence;UniversityAgent.t_VerifyEvidence;UniversityAgent.t_RequestCredential;CompetencyNet.t_Verification_Pass;UniversityAgent.t_IssueCredential;StudentAgent.t_WaitCredential;StudentAgent.t_ReceiveCredential;CompetencyNet.t_DenyInvalidIssuerSignature,EXPECTED_FAILURE_TERMINATION,INVALID_ISSUER_SIGNATURE,0,0,11/11,
f07,80,100,invalid,valid,f07_auto,StudentAgent.t_SubmitEvidence;EvidenceNet.t_LMS_Submit;EvidenceNet.t_Review_Request;ProfessorAgent.t_StartReview;ProfessorAgent.t_AssessEvidence;ProfessorAgent.t_ApproveEvidence;UniversityAgent.t_VerifyEvidence;UniversityAgent.t_RequestCredential;CompetencyNet.t_Verification_Pass;UniversityAgent.t_IssueCredential;StudentAgent.t_WaitCredential;StudentAgent.t_ReceiveCredential;StudentAgent.t_DenyInvalidSignature,EXPECTED_FAILURE_TERMINATION,INVALID_SIGNATURE,0,0,11/11,
f07,80,100,invalid,valid,f07_cancel,StudentAgent.t_SubmitEvidence;EvidenceNet.t_LMS_Submit;EvidenceNet.t_Review_Request;ProfessorAgent.t_StartReview;ProfessorAgent.t_AssessEvidence;ProfessorAgent.t_ApproveEvidence;UniversityAgent.t_VerifyEvidence;UniversityAgent.t_RequestCredential;CompetencyNet.t_Verification_Pass;UniversityAgent.t_IssueCredential;StudentAgent.t_WaitCredential;StudentAgent.t_ReceiveCredential;CompetencyNet.t_SBT_Cancel,EXPECTED_FAILURE_TERMINATION,CANCELLED,0,0,11/11,
f07,80,100,invalid,valid,f07_expire,StudentAgent.t_SubmitEvidence;EvidenceNet.t_LMS_Submit;EvidenceNet.t_Review_Request;ProfessorAgent.t_StartReview;ProfessorAgent.t_AssessEvidence;ProfessorAgent.t_ApproveEvidence;UniversityAgent.t_VerifyEvidence;UniversityAgent.t_RequestCredential;CompetencyNet.t_Verification_Pass;UniversityAgent.t_IssueCredential;StudentAgent.t_WaitCredential;StudentAgent.t_ReceiveCredential;CompetencyNet.t_SBT_Expire,EXPECTED_FAILURE_TERMINATION,EXPIRED,0,0,11/11,
f08,80,100,invalid,invalid,f08_auto,StudentAgent.t_SubmitEvidence;EvidenceNet.t_LMS_Submit;EvidenceNet.t_Review_Request;ProfessorAgent.t_StartReview;ProfessorAgent.t_AssessEvidence;ProfessorAgent.t_ApproveEvidence;UniversityAgent.t_VerifyEvidence;UniversityAgent.t_RequestCredential;CompetencyNet.t_Verification_Pass;UniversityAgent.t_IssueCredential;StudentAgent.t_WaitCredential;StudentAgent.t_ReceiveCredential;CompetencyNet.t_DenyInvalidIssuerSignature,EXPECTED_FAILURE_TERMINATION,INVALID_ISSUER_SIGNATURE,0,0,11/11,
f09,40,0,valid,valid,f09_auto,StudentAgent.t_SubmitEvidence;EvidenceNet.t_LMS_Submit;EvidenceNet.t_Review_Request;ProfessorAgent.t_StartReview;ProfessorAgent.t_AssessEvidence;ProfessorAgent.t_RejectEvidence,EXPECTED_FAILURE_TERMINATION,EVIDENCE_REJECTED,0,0,10/10,
f10,40,0,valid,invalid,f10_auto,StudentAgent.t_SubmitEvidence;EvidenceNet.t_LMS_Submit;EvidenceNet.t_Review_Request;ProfessorAgent.t_StartReview;ProfessorAgent.t_AssessEvidence;ProfessorAgent.t_RejectEvidence,EXPECTED_FAILURE_TERMINATION,EVIDENCE_REJECTED,0,0,10/10,
f11,40,0,invalid,valid,f11_auto,StudentAgent.t_SubmitEvidence;EvidenceNet.t_LMS_Submit;EvidenceNet.t_Review_Request;ProfessorAgent.t_StartReview;ProfessorAgent.t_AssessEvidence;ProfessorAgent.t_RejectEvidence,EXPECTED_FAILURE_TERMINATION,EVIDENCE_REJECTED,0,0,10/10,
f12,40,0,invalid,invalid,f12_auto,StudentAgent.t_SubmitEvidence;EvidenceNet.t_LMS_Submit;EvidenceNet.t_Review_Request;ProfessorAgent.t_StartReview;ProfessorAgent.t_AssessEvidence;ProfessorAgent.t_RejectEvidence,EXPECTED_FAILURE_TERMINATION,EVIDENCE_REJECTED,0,0,10/10,
f13,40,100,valid,valid,f13_auto,StudentAgent.t_SubmitEvidence;EvidenceNet.t_LMS_Submit;EvidenceNet.t_Review_Request;ProfessorAgent.t_StartReview;ProfessorAgent.t_AssessEvidence;ProfessorAgent.t_RejectEvidence,EXPECTED_FAILURE_TERMINATION,EVIDENCE_REJECTED,0,0,10/10,
f14,40,100,valid,invalid,f14_auto,StudentAgent.t_SubmitEvidence;EvidenceNet.t_LMS_Submit;EvidenceNet.t_Review_Request;ProfessorAgent.t_StartReview;ProfessorAgent.t_AssessEvidence;ProfessorAgent.t_RejectEvidence,EXPECTED_FAILURE_TERMINATION,EVIDENCE_REJECTED,0,0,10/10,
f15,40,100,invalid,valid,f15_auto,StudentAgent.t_SubmitEvidence;EvidenceNet.t_LMS_Submit;EvidenceNet.t_Review_Request;ProfessorAgent.t_StartReview;ProfessorAgent.t_AssessEvidence;ProfessorAgent.t_RejectEvidence,EXPECTED_FAILURE_TERMINATION,EVIDENCE_REJECTED,0,0,10/10,
f16,40,100,invalid,invalid,f16_auto,StudentAgent.t_SubmitEvidence;EvidenceNet.t_LMS_Submit;EvidenceNet.t_Review_Request;ProfessorAgent.t_StartReview;ProfessorAgent.t_AssessEvidence;ProfessorAgent.t_RejectEvidence,EXPECTED_FAILURE_TERMINATION,EVIDENCE_REJECTED,0,0,10/10,
