kind,execution,fixture_id,final_classification,final_outcome,violated_properties,raw_evidence
baseline,happy,happy,EXPECTED_SUCCESS_TERMINATION,SUCCESS,,baseline_validation.txt
baseline,reject,reject,EXPECTED_FAILURE_TERMINATION,HOLDER_REJECTED,,baseline_validation.txt
baseline,cancel,cancel,EXPECTED_FAILURE_TERMINATION,CANCELLED,,baseline_validation.txt
baseline,expire,expire,EXPECTED_FAILURE_TERMINATION,EXPIRED,,baseline_validation.txt
baseline,grade_reject,grade_reject,EXPECTED_FAILURE_TERMINATION,EVIDENCE_REJECTED,,baseline_validation.txt
baseline,ledger_reject,ledger_reject,EXPECTED_FAILURE_TERMINATION,LEDGER_REJECTED,,baseline_validation.txt
baseline,bad_signature,bad_signature,EXPECTED_FAILURE_TERMINATION,INVALID_SIGNATURE,,baseline_validation.txt
baseline,bad_issuer_signature,bad_issuer_signature,EXPECTED_FAILURE_TERMINATION,INVALID_ISSUER_SIGNATURE,,baseline_validation.txt
baseline,grade_reject_waiting,grade_reject_waiting,EXPECTED_FAILURE_TERMINATION,EVIDENCE_REJECTED,,baseline_validation.txt
baseline,cancel_submitted,cancel_submitted,EXPECTED_FAILURE_TERMINATION,CANCELLED,,baseline_validation.txt
baseline,cancel_waiting,cancel_waiting,EXPECTED_FAILURE_TERMINATION,CANCELLED,,baseline_validation.txt
baseline,expire_submitted,expire_submitted,EXPECTED_FAILURE_TERMINATION,EXPIRED,,baseline_validation.txt
baseline,expire_waiting,expire_waiting,EXPECTED_FAILURE_TERMINATION,EXPIRED,,baseline_validation.txt
baseline,bad_issuer_signature_submitted,bad_issuer_signature_submitted,EXPECTED_FAILURE_TERMINATION,INVALID_ISSUER_SIGNATURE,,baseline_validation.txt
baseline,bad_issuer_signature_waiting,bad_issuer_signature_waiting,EXPECTED_FAILURE_TERMINATION,INVALID_ISSUER_SIGNATURE,,baseline_validation.txt
focused_P7_replay,bad_issuer_signature,valid_student_invalid_issuer,EXPECTED_FAILURE_TERMINATION,INVALID_ISSUER_SIGNATURE,,focused_p7_native.txt
representative,f01_auto,f01,EXPECTED_SUCCESS_TERMINATION,SUCCESS,,raw/f01_auto.txt
representative,f01_ledger_reject,f01,EXPECTED_FAILURE_TERMINATION,LEDGER_REJECTED,,raw/f01_ledger_reject.txt
representative,f01_reject,f01,EXPECTED_FAILURE_TERMINATION,HOLDER_REJECTED,,raw/f01_reject.txt
representative,f01_cancel,f01,EXPECTED_FAILURE_TERMINATION,CANCELLED,,raw/f01_cancel.txt
representative,f02_auto,f02,EXPECTED_FAILURE_TERMINATION,INVALID_ISSUER_SIGNATURE,,raw/f02_auto.txt
representative,f03_auto,f03,EXPECTED_FAILURE_TERMINATION,INVALID_SIGNATURE,,raw/f03_auto.txt
representative,f03_cancel,f03,EXPECTED_FAILURE_TERMINATION,CANCELLED,,raw/f03_cancel.txt
representative,f04_auto,f04,EXPECTED_FAILURE_TERMINATION,INVALID_ISSUER_SIGNATURE,,raw/f04_auto.txt
representative,f05_auto,f05,EXPECTED_FAILURE_TERMINATION,HOLDER_REJECTED,,raw/f05_auto.txt
representative,f05_cancel,f05,EXPECTED_FAILURE_TERMINATION,CANCELLED,,raw/f05_cancel.txt
representative,f05_expire,f05,EXPECTED_FAILURE_TERMINATION,EXPIRED,,raw/f05_expire.txt
representative,f06_auto,f06,EXPECTED_FAILURE_TERMINATION,INVALID_ISSUER_SIGNATURE,,raw/f06_auto.txt
representative,f07_auto,f07,EXPECTED_FAILURE_TERMINATION,INVALID_SIGNATURE,,raw/f07_auto.txt
representative,f07_cancel,f07,EXPECTED_FAILURE_TERMINATION,CANCELLED,,raw/f07_cancel.txt
representative,f07_expire,f07,EXPECTED_FAILURE_TERMINATION,EXPIRED,,raw/f07_expire.txt
representative,f08_auto,f08,EXPECTED_FAILURE_TERMINATION,INVALID_ISSUER_SIGNATURE,,raw/f08_auto.txt
representative,f09_auto,f09,EXPECTED_FAILURE_TERMINATION,EVIDENCE_REJECTED,,raw/f09_auto.txt
representative,f10_auto,f10,EXPECTED_FAILURE_TERMINATION,EVIDENCE_REJECTED,,raw/f10_auto.txt
representative,f11_auto,f11,EXPECTED_FAILURE_TERMINATION,EVIDENCE_REJECTED,,raw/f11_auto.txt
representative,f12_auto,f12,EXPECTED_FAILURE_TERMINATION,EVIDENCE_REJECTED,,raw/f12_auto.txt
representative,f13_auto,f13,EXPECTED_FAILURE_TERMINATION,EVIDENCE_REJECTED,,raw/f13_auto.txt
representative,f14_auto,f14,EXPECTED_FAILURE_TERMINATION,EVIDENCE_REJECTED,,raw/f14_auto.txt
representative,f15_auto,f15,EXPECTED_FAILURE_TERMINATION,EVIDENCE_REJECTED,,raw/f15_auto.txt
representative,f16_auto,f16,EXPECTED_FAILURE_TERMINATION,EVIDENCE_REJECTED,,raw/f16_auto.txt
interleaving,inter_A_reject_before_wait,,EXPECTED_FAILURE_TERMINATION,EVIDENCE_REJECTED,,raw/inter_A_reject_before_wait.txt
interleaving,inter_A_wait_before_reject,,EXPECTED_FAILURE_TERMINATION,EVIDENCE_REJECTED,,raw/inter_A_wait_before_reject.txt
interleaving,inter_O_wait_before_assessment_pass,,EXPECTED_SUCCESS_TERMINATION,SUCCESS,,raw/inter_O_wait_before_assessment_pass.txt
interleaving,inter_O_wait_before_assessment_fail,,EXPECTED_FAILURE_TERMINATION,EVIDENCE_REJECTED,,raw/inter_O_wait_before_assessment_fail.txt
interleaving,inter_cancel_phase0,,EXPECTED_FAILURE_TERMINATION,CANCELLED,,raw/inter_cancel_phase0.txt
interleaving,inter_cancel_phase1,,EXPECTED_FAILURE_TERMINATION,CANCELLED,,raw/inter_cancel_phase1.txt
interleaving,inter_cancel_phase2,,EXPECTED_FAILURE_TERMINATION,CANCELLED,,raw/inter_cancel_phase2.txt
interleaving,inter_expire_phase0,,EXPECTED_FAILURE_TERMINATION,EXPIRED,,raw/inter_expire_phase0.txt
interleaving,inter_expire_phase1,,EXPECTED_FAILURE_TERMINATION,EXPIRED,,raw/inter_expire_phase1.txt
interleaving,inter_expire_phase2,,EXPECTED_FAILURE_TERMINATION,EXPIRED,,raw/inter_expire_phase2.txt
interleaving,inter_issuer_deny_phase0,,EXPECTED_FAILURE_TERMINATION,INVALID_ISSUER_SIGNATURE,,raw/inter_issuer_deny_phase0.txt
interleaving,inter_issuer_deny_phase1,,EXPECTED_FAILURE_TERMINATION,INVALID_ISSUER_SIGNATURE,,raw/inter_issuer_deny_phase1.txt
interleaving,inter_issuer_deny_phase2,,EXPECTED_FAILURE_TERMINATION,INVALID_ISSUER_SIGNATURE,,raw/inter_issuer_deny_phase2.txt
interleaving,inter_D_E_accept,,EXPECTED_SUCCESS_TERMINATION,SUCCESS,,raw/inter_D_E_accept.txt
interleaving,inter_D_reject,,EXPECTED_FAILURE_TERMINATION,HOLDER_REJECTED,,raw/inter_D_reject.txt
interleaving,inter_G_student_denial,,EXPECTED_FAILURE_TERMINATION,INVALID_SIGNATURE,,raw/inter_G_student_denial.txt
interleaving,inter_G_cancel_instead_of_student_denial,,EXPECTED_FAILURE_TERMINATION,CANCELLED,,raw/inter_G_cancel_instead_of_student_denial.txt
interleaving,inter_F_expiry_excludes_accept,,EXPECTED_FAILURE_TERMINATION,EXPIRED,,raw/inter_F_expiry_excludes_accept.txt
interleaving,inter_I_ledger_reject,,EXPECTED_FAILURE_TERMINATION,LEDGER_REJECTED,,raw/inter_I_ledger_reject.txt
interleaving,inter_VP_wallet_g0_s0,,EXPECTED_SUCCESS_TERMINATION,SUCCESS,,raw/inter_VP_wallet_g0_s0.txt
interleaving,inter_VP_wallet_g0_s1,,EXPECTED_SUCCESS_TERMINATION,SUCCESS,,raw/inter_VP_wallet_g0_s1.txt
interleaving,inter_VP_wallet_g0_s2,,EXPECTED_SUCCESS_TERMINATION,SUCCESS,,raw/inter_VP_wallet_g0_s2.txt
interleaving,inter_VP_wallet_g0_s3,,EXPECTED_SUCCESS_TERMINATION,SUCCESS,,raw/inter_VP_wallet_g0_s3.txt
interleaving,inter_VP_wallet_g0_s4,,EXPECTED_SUCCESS_TERMINATION,SUCCESS,,raw/inter_VP_wallet_g0_s4.txt
interleaving,inter_VP_wallet_g0_s5,,EXPECTED_SUCCESS_TERMINATION,SUCCESS,,raw/inter_VP_wallet_g0_s5.txt
interleaving,inter_VP_wallet_g0_s6,,EXPECTED_SUCCESS_TERMINATION,SUCCESS,,raw/inter_VP_wallet_g0_s6.txt
interleaving,inter_VP_wallet_g0_s7,,EXPECTED_SUCCESS_TERMINATION,SUCCESS,,raw/inter_VP_wallet_g0_s7.txt
interleaving,inter_VP_wallet_g1_s1,,EXPECTED_SUCCESS_TERMINATION,SUCCESS,,raw/inter_VP_wallet_g1_s1.txt
interleaving,inter_VP_wallet_g1_s2,,EXPECTED_SUCCESS_TERMINATION,SUCCESS,,raw/inter_VP_wallet_g1_s2.txt
interleaving,inter_VP_wallet_g1_s3,,EXPECTED_SUCCESS_TERMINATION,SUCCESS,,raw/inter_VP_wallet_g1_s3.txt
interleaving,inter_VP_wallet_g1_s4,,EXPECTED_SUCCESS_TERMINATION,SUCCESS,,raw/inter_VP_wallet_g1_s4.txt
interleaving,inter_VP_wallet_g1_s5,,EXPECTED_SUCCESS_TERMINATION,SUCCESS,,raw/inter_VP_wallet_g1_s5.txt
interleaving,inter_VP_wallet_g1_s6,,EXPECTED_SUCCESS_TERMINATION,SUCCESS,,raw/inter_VP_wallet_g1_s6.txt
interleaving,inter_VP_wallet_g1_s7,,EXPECTED_SUCCESS_TERMINATION,SUCCESS,,raw/inter_VP_wallet_g1_s7.txt
interleaving,inter_VP_wallet_g2_s2,,EXPECTED_SUCCESS_TERMINATION,SUCCESS,,raw/inter_VP_wallet_g2_s2.txt
interleaving,inter_VP_wallet_g2_s3,,EXPECTED_SUCCESS_TERMINATION,SUCCESS,,raw/inter_VP_wallet_g2_s3.txt
interleaving,inter_VP_wallet_g2_s4,,EXPECTED_SUCCESS_TERMINATION,SUCCESS,,raw/inter_VP_wallet_g2_s4.txt
interleaving,inter_VP_wallet_g2_s5,,EXPECTED_SUCCESS_TERMINATION,SUCCESS,,raw/inter_VP_wallet_g2_s5.txt
interleaving,inter_VP_wallet_g2_s6,,EXPECTED_SUCCESS_TERMINATION,SUCCESS,,raw/inter_VP_wallet_g2_s6.txt
interleaving,inter_VP_wallet_g2_s7,,EXPECTED_SUCCESS_TERMINATION,SUCCESS,,raw/inter_VP_wallet_g2_s7.txt
interleaving,inter_VP_wallet_g3_s3,,EXPECTED_SUCCESS_TERMINATION,SUCCESS,,raw/inter_VP_wallet_g3_s3.txt
interleaving,inter_VP_wallet_g3_s4,,EXPECTED_SUCCESS_TERMINATION,SUCCESS,,raw/inter_VP_wallet_g3_s4.txt
interleaving,inter_VP_wallet_g3_s5,,EXPECTED_SUCCESS_TERMINATION,SUCCESS,,raw/inter_VP_wallet_g3_s5.txt
interleaving,inter_VP_wallet_g3_s6,,EXPECTED_SUCCESS_TERMINATION,SUCCESS,,raw/inter_VP_wallet_g3_s6.txt
interleaving,inter_VP_wallet_g3_s7,,EXPECTED_SUCCESS_TERMINATION,SUCCESS,,raw/inter_VP_wallet_g3_s7.txt
interleaving,inter_VP_wallet_g4_s4,,EXPECTED_SUCCESS_TERMINATION,SUCCESS,,raw/inter_VP_wallet_g4_s4.txt
interleaving,inter_VP_wallet_g4_s5,,EXPECTED_SUCCESS_TERMINATION,SUCCESS,,raw/inter_VP_wallet_g4_s5.txt
interleaving,inter_VP_wallet_g4_s6,,EXPECTED_SUCCESS_TERMINATION,SUCCESS,,raw/inter_VP_wallet_g4_s6.txt
interleaving,inter_VP_wallet_g4_s7,,EXPECTED_SUCCESS_TERMINATION,SUCCESS,,raw/inter_VP_wallet_g4_s7.txt
interleaving,inter_VP_wallet_g5_s5,,EXPECTED_SUCCESS_TERMINATION,SUCCESS,,raw/inter_VP_wallet_g5_s5.txt
interleaving,inter_VP_wallet_g5_s6,,EXPECTED_SUCCESS_TERMINATION,SUCCESS,,raw/inter_VP_wallet_g5_s6.txt
interleaving,inter_VP_wallet_g5_s7,,EXPECTED_SUCCESS_TERMINATION,SUCCESS,,raw/inter_VP_wallet_g5_s7.txt
interleaving,inter_VP_wallet_g6_s6,,EXPECTED_SUCCESS_TERMINATION,SUCCESS,,raw/inter_VP_wallet_g6_s6.txt
interleaving,inter_VP_wallet_g6_s7,,EXPECTED_SUCCESS_TERMINATION,SUCCESS,,raw/inter_VP_wallet_g6_s7.txt
interleaving,inter_VP_wallet_g7_s7,,EXPECTED_SUCCESS_TERMINATION,SUCCESS,,raw/inter_VP_wallet_g7_s7.txt
