term,file,line,text
Poisson,FUNCTIONAL_INTEGRATION_AUDIT.md,449,"State-space/reachable states, state-space transitions, deadlock counts, boundedness proof, throughput, latency, TPS, 500-agent concurrency, race conditions, Poisson workloads and MMPP workloads: **NOT MEASURED YET**."
MMPP,FUNCTIONAL_INTEGRATION_AUDIT.md,449,"State-space/reachable states, state-space transitions, deadlock counts, boundedness proof, throughput, latency, TPS, 500-agent concurrency, race conditions, Poisson workloads and MMPP workloads: **NOT MEASURED YET**."
500 agents,FUNCTIONAL_INTEGRATION_AUDIT.md,449,"State-space/reachable states, state-space transitions, deadlock counts, boundedness proof, throughput, latency, TPS, 500-agent concurrency, race conditions, Poisson workloads and MMPP workloads: **NOT MEASURED YET**."
TPS,FUNCTIONAL_INTEGRATION_AUDIT.md,449,"State-space/reachable states, state-space transitions, deadlock counts, boundedness proof, throughput, latency, TPS, 500-agent concurrency, race conditions, Poisson workloads and MMPP workloads: **NOT MEASURED YET**."
TPS,MODEL_VALIDATION.md,249,"State-space size, reachable-state counts, deadlock totals over the state space, boundedness proof, throughput, latency, TPS, concurrency benchmarks and workload experiments: **NOT MEASURED**."
Poisson,README.md,61,"The repairs add four places, nineteen transitions and thirty-eight arcs, with four acceptance arcs redirected. See `FAILURE_PROTOCOL_REPAIR.md`, `POST_REPAIR_DEADLOCK_AUDIT.md` and `POST_REPAIR_FINAL_MARKINGS.md`. The six original audit reports are preserved as pre-repair evidence. No active participant remains waiting in the fifteen tested quiescent configurations. **EXHAUSTIVE STATE-SPACE ANALYSIS NOT PERFORMED.** State-space size, reachable states, deadlock counts, boundedness proof, throughput, latency, TPS, 500-agent, race-condition, Poisson and MMPP results: **NOT MEASURED YET**."
MMPP,README.md,61,"The repairs add four places, nineteen transitions and thirty-eight arcs, with four acceptance arcs redirected. See `FAILURE_PROTOCOL_REPAIR.md`, `POST_REPAIR_DEADLOCK_AUDIT.md` and `POST_REPAIR_FINAL_MARKINGS.md`. The six original audit reports are preserved as pre-repair evidence. No active participant remains waiting in the fifteen tested quiescent configurations. **EXHAUSTIVE STATE-SPACE ANALYSIS NOT PERFORMED.** State-space size, reachable states, deadlock counts, boundedness proof, throughput, latency, TPS, 500-agent, race-condition, Poisson and MMPP results: **NOT MEASURED YET**."
500 agents,README.md,61,"The repairs add four places, nineteen transitions and thirty-eight arcs, with four acceptance arcs redirected. See `FAILURE_PROTOCOL_REPAIR.md`, `POST_REPAIR_DEADLOCK_AUDIT.md` and `POST_REPAIR_FINAL_MARKINGS.md`. The six original audit reports are preserved as pre-repair evidence. No active participant remains waiting in the fifteen tested quiescent configurations. **EXHAUSTIVE STATE-SPACE ANALYSIS NOT PERFORMED.** State-space size, reachable states, deadlock counts, boundedness proof, throughput, latency, TPS, 500-agent, race-condition, Poisson and MMPP results: **NOT MEASURED YET**."
TPS,README.md,61,"The repairs add four places, nineteen transitions and thirty-eight arcs, with four acceptance arcs redirected. See `FAILURE_PROTOCOL_REPAIR.md`, `POST_REPAIR_DEADLOCK_AUDIT.md` and `POST_REPAIR_FINAL_MARKINGS.md`. The six original audit reports are preserved as pre-repair evidence. No active participant remains waiting in the fifteen tested quiescent configurations. **EXHAUSTIVE STATE-SPACE ANALYSIS NOT PERFORMED.** State-space size, reachable states, deadlock counts, boundedness proof, throughput, latency, TPS, 500-agent, race-condition, Poisson and MMPP results: **NOT MEASURED YET**."
